id,full_name,email,gender,email_domain,tld
1,Jacquenette Nesterov,jnesterov0@squarespace.com,female,squarespace,com
2,Leanora Cashell,lcashell1@blogger.com,male,blogger,com
3,Arley Medford,amedford2@newyorker.com,male,newyorker,com
4,Rafaello Crawshaw,rcrawshaw3@multiply.com,male,multiply,com
5,Karalee Hallaways,khallaways4@uol.com.br,non-binary,uol,br
6,Georgi Wardroper,gwardroper5@1688.com,male,1688,com
7,Spense Broxis,sbroxis6@theguardian.com,male,theguardian,com
8,Lurette Trainor,ltrainor7@delicious.com,female,delicious,com
9,Carina Tunney,ctunney8@shutterfly.com,female,shutterfly,com
10,Mellisa Goodey,mgoodey9@multiply.com,female,multiply,com
11,Conant Hillen,chillena@java.com,female,java,com
12,Barry McGibbon,bmcgibbonb@fda.gov,male,fda,gov
13,Velma Zannetti,vzannettic@ycombinator.com,male,ycombinator,com
14,Millie Capun,mcapund@bluehost.com,female,bluehost,com
15,Salim Mordaunt,smordaunte@phpbb.com,non-binary,phpbb,com
16,Martina Briggdale,mbriggdalef@fda.gov,female,fda,gov
17,Aprilette Heindl,aheindlg@fema.gov,female,fema,gov
18,Woody Kynge,wkyngeh@woothemes.com,female,woothemes,com
19,Di Crewes,dcrewesi@myspace.com,male,myspace,com
20,Siegfried Hulme,shulmej@skyrock.com,female,skyrock,com
21,Alphard Tiffney,atiffneyk@ucoz.com,female,ucoz,com
22,Rosalie Hamil,rhamill@springer.com,female,springer,com
23,Jemmy Redholls,jredhollsm@csmonitor.com,female,csmonitor,com
24,Kathie Dunford,kdunfordn@google.es,female,google,es
25,Sigismond Shoppee,sshoppeeo@umich.edu,male,umich,edu
26,Lemuel Marnes,lmarnesp@reverbnation.com,non-binary,reverbnation,com
27,Vilma Jannaway,vjannawayq@ox.ac.uk,male,ox,uk
28,Batsheva Hourihane,bhourihaner@amazon.com,male,amazon,com
29,Lynn Pedlow,lpedlows@xing.com,female,xing,com
30,Salmon Shergold,sshergoldt@amazon.co.uk,male,amazon,uk
31,Tabb Vesco,tvescou@drupal.org,female,drupal,org
32,Ernesta Feehan,efeehanv@ucsd.edu,male,ucsd,edu
33,Janel Cluderay,jcluderayw@wikimedia.org,female,wikimedia,org
34,Ferdinand Dorsett,fdorsettx@bizjournals.com,female,bizjournals,com
35,Kenny Dovington,kdovingtony@weebly.com,female,weebly,com
36,Bear Seaward,bseawardz@domainmarket.com,male,domainmarket,com
37,Sapphira Lackham,slackham10@twitpic.com,female,twitpic,com
38,Sacha Olenchenko,solenchenko11@cornell.edu,female,cornell,edu
39,Eugen Glassup,eglassup12@mtv.com,male,mtv,com
40,Griswold Threadkell,gthreadkell13@pen.io,non-binary,pen,io
41,Augie Hyett,ahyett14@miitbeian.gov.cn,female,miitbeian,cn
42,Costa Meeny,cmeeny15@cnet.com,female,cnet,com
43,Andres McManamen,amcmanamen16@usgs.gov,female,usgs,gov
44,Sofie Kerwen,skerwen17@go.com,male,go,com
45,Alejandro Hughesdon,ahughesdon18@apple.com,female,apple,com
46,Isaak Pedley,ipedley19@usatoday.com,female,usatoday,com
47,Aloisia Antosik,aantosik1a@360.cn,female,360,cn
48,Haze Havik,hhavik1b@census.gov,non-binary,census,gov
49,Skip Sinton,ssinton1c@adobe.com,female,adobe,com
50,Alfredo Pauler,apauler1d@ucoz.ru,non-binary,ucoz,ru
51,Henryetta Maggiore,hmaggiore1e@indiatimes.com,male,indiatimes,com
52,Carmel Dreng,cdreng1f@phpbb.com,female,phpbb,com
53,Marlow Varfolomeev,mvarfolomeev1g@shutterfly.com,male,shutterfly,com
54,Morena Semered,msemered1h@kickstarter.com,male,kickstarter,com
55,Murial Bridgeman,mbridgeman1i@opensource.org,female,opensource,org
56,Stanly Caswell,scaswell1j@nsw.gov.au,male,nsw,au
57,Teodoro Plevey,tplevey1k@newsvine.com,female,newsvine,com
58,Louisette Quiddihy,lquiddihy1l@domainmarket.com,female,domainmarket,com
59,Bartram Arber,barber1m@go.com,male,go,com
60,Dulci Colbourn,dcolbourn1n@nhs.uk,female,nhs,uk
61,Nil Enser,nenser1o@biblegateway.com,male,biblegateway,com
62,Wat Alp,walp1p@google.de,male,google,de
63,Fiann Butteris,fbutteris1q@apache.org,non-binary,apache,org
64,Addison Cayford,acayford1r@latimes.com,male,latimes,com
65,Sibyl Bidwell,sbidwell1s@yandex.ru,female,yandex,ru
66,Wittie Kibblewhite,wkibblewhite1t@adobe.com,female,adobe,com
67,Marylou Maddie,mmaddie1u@webs.com,male,webs,com
68,Abbie Bilbrooke,abilbrooke1v@tmall.com,female,tmall,com
69,Emylee Rosendall,erosendall1w@patch.com,non-binary,patch,com
70,Martelle Coche,mcoche1x@imdb.com,male,imdb,com
71,Humberto Hinsche,hhinsche1y@hp.com,female,hp,com
72,Dulci Red,dred1z@guardian.co.uk,male,guardian,uk
73,Ewell Rickardsson,erickardsson20@instagram.com,male,instagram,com
74,Phineas Manssuer,pmanssuer21@mozilla.com,male,mozilla,com
75,Janel Lowmass,jlowmass22@vk.com,male,vk,com
76,Tabbatha Measor,tmeasor23@washington.edu,female,washington,edu
77,Leesa Billyeald,lbillyeald24@netscape.com,male,netscape,com
78,Dulcia Mengo,dmengo25@xinhuanet.com,male,xinhuanet,com
79,Darrel Akast,dakast26@vinaora.com,male,vinaora,com
80,Elyn Densie,edensie27@yellowbook.com,female,yellowbook,com
81,Tessy Trask,ttrask28@freewebs.com,male,freewebs,com
82,Alaster Beer,abeer29@clickbank.net,female,clickbank,net
83,Thaddus Carbry,tcarbry2a@scientificamerican.com,female,scientificamerican,com
84,Stern Peye,speye2b@netvibes.com,female,netvibes,com
85,Fran Torri,ftorri2c@imdb.com,male,imdb,com
86,Felizio Genny,fgenny2d@example.com,female,example,com
87,Dana Frazier,dfrazier2e@google.de,non-binary,google,de
88,Gwen Estevez,gestevez2f@bloomberg.com,female,bloomberg,com
89,Berty Northam,bnortham2g@princeton.edu,male,princeton,edu
90,Oralla Danielski,odanielski2h@usa.gov,female,usa,gov
91,Lanni Blything,lblything2i@ycombinator.com,male,ycombinator,com
92,Sancho Scoyles,sscoyles2j@tuttocitta.it,female,tuttocitta,it
93,Alix Gooderick,agooderick2k@issuu.com,female,issuu,com
94,Shandee Gresch,sgresch2l@stumbleupon.com,male,stumbleupon,com
95,Carmina Nicolls,cnicolls2m@jugem.jp,female,jugem,jp
96,Lucienne McFaul,lmcfaul2n@vk.com,female,vk,com
97,Sheelagh Chretien,schretien2o@google.it,male,google,it
98,Ransom Smyth,rsmyth2p@geocities.com,male,geocities,com
99,Mauricio Goane,mgoane2q@nhs.uk,male,nhs,uk
100,Iain Stephens,istephens2r@newyorker.com,male,newyorker,com
